[
  {
    "id": "29e3f3b0-d43f-46bb-9a09-5b7fb66fee50",
    "data": [
      {
        "text": "hii",
        "userDefined": false
      }
    ],
    "isTemplate": false,
    "count": 0,
    "updated": 1507020184
  },
  {
    "id": "499d019a-29b3-4821-ae49-89262e7a3871",
    "data": [
      {
        "text": "hie",
        "userDefined": false
      }
    ],
    "isTemplate": false,
    "count": 0,
    "updated": 1507020184
  },
  {
    "id": "d25defdc-7ff9-44fc-b6ca-cdbc72d76165",
    "data": [
      {
        "text": "hey",
        "userDefined": false
      }
    ],
    "isTemplate": false,
    "count": 0,
    "updated": 1507020184
  },
  {
    "id": "b377a56b-f798-4f0e-ba89-eedff6700216",
    "data": [
      {
        "text": "hello",
        "userDefined": false
      }
    ],
    "isTemplate": false,
    "count": 0,
    "updated": 1507020184
  },
  {
    "id": "8570d679-79a6-413a-bb10-2a17191cfbbc",
    "data": [
      {
        "text": "hi",
        "userDefined": false
      }
    ],
    "isTemplate": false,
    "count": 0,
    "updated": 1507020184
  }
]