[
  {
    "id": "ced8b0f4-3792-4383-be32-f1a6fabd2e15",
    "data": [
      {
        "text": "reset password",
        "userDefined": false
      }
    ],
    "isTemplate": false,
    "count": 0,
    "updated": 1507020977
  },
  {
    "id": "2b6f074a-1528-493d-a7df-9c13f2333d35",
    "data": [
      {
        "text": "change my password",
        "userDefined": false
      }
    ],
    "isTemplate": false,
    "count": 0,
    "updated": 0
  },
  {
    "id": "0ec957ae-98ff-433c-a9d3-a958fc5abb69",
    "data": [
      {
        "text": " reset my password",
        "userDefined": false
      }
    ],
    "isTemplate": false,
    "count": 0,
    "updated": 0
  },
  {
    "id": "39eb046a-a6f6-47e9-bc6b-ec9a4743f987",
    "data": [
      {
        "text": "i want my to change my password",
        "userDefined": false
      }
    ],
    "isTemplate": false,
    "count": 0,
    "updated": 0
  },
  {
    "id": "bea8e1a9-2402-4e6b-ad6a-280714122e29",
    "data": [
      {
        "text": "i want my to reset my password",
        "userDefined": false
      }
    ],
    "isTemplate": false,
    "count": 0,
    "updated": 0
  }
]